{
  "TemperatureCoefficient": 0.028477324520135537,
  "WinScore": 1282574305.5649593,
  "LoseScore": -864820276.9621984,
  "PlayerResourceEnemyHPRatio": 112.4589271256691,
  "EnemyResourcePlayerHPRatio": 129.24753929810464,
  "EarlyIronWeight": 1014.044466464625,
  "EarlyExcessIronWeight": 1279.0347936006094,
  "EarlySpaceWeight": 5162.7344577992435,
  "EarlyTimeWeight": 3227.084925421435,
  "EarlyDefaultWeight": 2014.1091164579336,
  "EarlyIronOverstockPenalty": 46.17781741081821,
  "MidIronWeight": 365.60773431449087,
  "MidSpaceWeight": 1116.952315893185,
  "MidTimeWeight": 630.8103179402444,
  "MidDefaultWeight": 652.4564579095452,
  "LateIronWeight": 85.59200390957507,
  "LateSpaceWeight": 224.9484336862644,
  "LateTimeWeight": 267.614831737885,
  "LateDefaultWeight": 148.0468312037027,
  "HaveProfessionBonus": 643.7980489543932,
  "IronDeficitPenaltyWhenEnemyHasProfession": 264.34470920407693,
  "IronDeficitPenaltyWhenBothNoProfession": 977.7478191887789,
  "IronDeficitThreshold": 3.7720546525735354,
  "EarlyUnnecessaryAttackPenaltyMultiplier": 23.317781253916262,
  "MidAdvantageAttackBonusMultiplier": 1.9873424161147737,
  "MidUnnecessaryAttackPenaltyMultiplier": 11.2626141068529,
  "WithProfessionDamageBonusMultiplier": 22.01569831206228,
  "WithProfessionHpDiffBonusMultiplier": 5.529256629900595,
  "HpAdvantageThreshold": 19.79472395122018,
  "EarlyRoundBonusPerRound": 0.7764249075984961,
  "LateRoundPenaltyPerRound": 40.869544616521814
}