{
  "TemperatureCoefficient": 0.027255284345911585,
  "TerminalWinScore": 1000000000,
  "TerminalLoseScore": -1000000000,
  "EarlyIronWeight": 1284.0925647811682,
  "EarlyExcessIronWeight": 1200,
  "EarlySpaceWeight": 3831.4370705609294,
  "EarlyTimeWeight": 4003.880875081341,
  "EarlyMagicWeight": 1962.3189247561704,
  "EarlyIronOverstockPenalty": 80,
  "MidIronWeight": 52.139474460234524,
  "MidSpaceWeight": 201.5023068176177,
  "MidTimeWeight": 174.5625697662508,
  "MidMagicWeight": 107.14689574536906,
  "LateIronWeight": 17.036926681234775,
  "LateSpaceWeight": 55.09836359949636,
  "LateTimeWeight": 48.50122862348222,
  "LateMagicWeight": 27.91823689053581,
  "HaveProfessionBonus": 535.5485131531411,
  "EnemyHasProfessionPenalty": -762.5331603368885,
  "IronDeficitPenaltyWhenEnemyHasProfession": -300,
  "IronDeficitPenaltyWhenBothNoProfession": -1000,
  "IronDeficitThreshold": 2,
  "EarlyUnnecessaryAttackPenaltyMultiplier": 30,
  "MidAdvantageAttackBonusMultiplier": 2,
  "MidUnnecessaryAttackPenaltyMultiplier": 10,
  "WithProfessionDamageBonusMultiplier": 20,
  "WithProfessionHpDiffBonusMultiplier": 5,
  "HpAdvantageThreshold": 20,
  "EarlyRoundBonusPerRound": 1,
  "LateRoundPenaltyPerRound": 4
}